City_ID,City,Country,Date,Lat,Lng,Max Temp,Humidity,Cloudiness,Wind Speed,Current Description
0,Punta Arenas,CL,2021-04-25 16:11:40,-53.15,-70.9167,57.2,47,40,21.85,scattered clouds
1,Georgetown,MY,2021-04-25 16:11:43,5.4112,100.3354,82.4,83,20,4.61,few clouds
2,Lompoc,US,2021-04-25 16:08:20,34.6391,-120.4579,53.6,71,100,3.44,overcast clouds
3,Thompson,CA,2021-04-25 16:11:39,55.7435,-97.8558,28.4,54,75,8.05,broken clouds
4,Lavrentiya,RU,2021-04-25 16:11:46,65.5833,-171.0,20.23,87,100,3.71,overcast clouds
5,Lagoa,PT,2021-04-25 16:12:40,39.05,-27.9833,59.29,79,34,14.27,scattered clouds
6,Mount Isa,AU,2021-04-25 16:14:45,-20.7333,139.5,71.6,43,39,5.75,light rain
7,Kirakira,SB,2021-04-25 16:12:14,-10.4544,161.9205,78.8,84,66,3.38,broken clouds
8,Grimshaw,CA,2021-04-25 16:14:45,56.1834,-117.6027,37.4,41,20,13.8,few clouds
9,Victoria,HK,2021-04-25 16:08:40,22.2855,114.1577,75.0,93,100,1.01,overcast clouds
10,East London,ZA,2021-04-25 16:12:30,-33.0153,27.9116,69.8,78,0,8.05,clear sky
11,Barrow,US,2021-04-25 16:12:06,71.2906,-156.7887,10.4,85,1,10.36,clear sky
12,Albany,US,2021-04-25 16:11:21,42.6001,-73.9662,54.0,71,90,4.61,overcast clouds
13,Touros,BR,2021-04-25 16:12:43,-5.1989,-35.4608,87.8,62,75,12.66,broken clouds
14,Arraial Do Cabo,BR,2021-04-25 16:11:58,-22.9661,-42.0278,82.4,61,0,9.22,clear sky
15,Jinchang,CN,2021-04-25 16:14:46,38.4953,102.1739,48.25,24,11,16.51,few clouds
16,Mataura,NZ,2021-04-25 16:11:43,-46.1927,168.8643,42.01,81,34,8.01,scattered clouds
17,Bandarbeyla,SO,2021-04-25 16:14:47,9.4942,50.8122,83.91,74,43,11.5,scattered clouds
18,Faanui,PF,2021-04-25 16:07:54,-16.4833,-151.75,80.53,66,7,3.51,clear sky
19,Chuy,UY,2021-04-25 16:13:12,-33.6971,-53.4616,67.75,54,9,12.06,clear sky
20,Hambantota,LK,2021-04-25 16:13:54,6.1241,81.1185,80.6,100,75,1.14,broken clouds
21,Taldan,RU,2021-04-25 16:14:48,53.6667,124.8,38.71,58,100,2.84,overcast clouds
22,Klaksvik,FO,2021-04-25 16:12:41,62.2266,-6.589,48.2,81,100,12.66,overcast clouds
23,Longyearbyen,SJ,2021-04-25 16:13:21,78.2186,15.6401,23.0,63,40,16.11,scattered clouds
24,Fortuna,US,2021-04-25 16:13:29,40.5982,-124.1573,46.0,93,75,13.8,broken clouds
25,Konya,TR,2021-04-25 16:14:48,38.1667,32.5,62.6,55,75,12.66,light rain
26,Hermanus,ZA,2021-04-25 16:12:39,-34.4187,19.2345,66.99,77,100,0.47,overcast clouds
27,Saint-Philippe,RE,2021-04-25 16:12:25,-21.3585,55.7679,78.8,73,0,23.02,light rain
28,Butaritari,KI,2021-04-25 16:07:49,3.0707,172.7902,81.73,78,31,10.42,light rain
29,Norman Wells,CA,2021-04-25 16:12:43,65.282,-126.8329,32.0,55,40,20.71,scattered clouds
30,Westport,US,2021-04-25 16:10:43,41.1415,-73.3579,52.0,100,100,9.26,overcast clouds
31,Ushuaia,AR,2021-04-25 16:07:33,-54.8,-68.3,51.8,62,75,10.36,light rain
32,Nanakuli,US,2021-04-25 16:14:49,21.3906,-158.1547,69.8,78,1,5.75,clear sky
33,Luderitz,NA,2021-04-25 16:11:50,-26.6481,15.1594,65.26,78,79,5.5,broken clouds
34,Puerto Ayora,EC,2021-04-25 16:13:32,-0.7393,-90.3518,80.6,74,20,13.8,few clouds
35,New Norfolk,AU,2021-04-25 16:12:00,-42.7826,147.0587,57.0,82,100,1.01,overcast clouds
36,Kita,ML,2021-04-25 16:14:50,13.0349,-9.4895,105.58,14,33,3.78,scattered clouds
37,Rikitea,PF,2021-04-25 16:11:40,-23.1203,-134.9692,77.32,75,80,7.85,light rain
38,Balykshi,KZ,2021-04-25 16:14:51,47.0667,51.8667,60.8,59,40,15.66,scattered clouds
39,Agde,FR,2021-04-25 16:14:51,43.3108,3.4758,62.6,59,0,8.05,clear sky
40,Kawalu,ID,2021-04-25 16:14:51,-7.3817,108.2082,72.3,96,78,0.38,broken clouds
41,Castro,BR,2021-04-25 16:12:27,-24.7911,-50.0119,65.26,73,100,6.13,overcast clouds
42,Bell Ville,AR,2021-04-25 16:12:47,-32.6259,-62.6887,69.01,46,0,5.01,clear sky
43,Machiques,VE,2021-04-25 16:14:52,10.0644,-72.545,91.67,48,40,1.61,scattered clouds
44,Pacific Grove,US,2021-04-25 16:14:04,36.6177,-121.9166,54.0,79,100,3.0,overcast clouds
45,Lorca,ES,2021-04-25 16:14:53,37.6712,-1.7017,70.0,60,0,10.36,clear sky
46,Pisco,PE,2021-04-25 16:13:13,-13.7,-76.2167,69.01,83,20,8.05,haze
47,Natchitoches,US,2021-04-25 16:14:53,31.7668,-93.1335,69.8,56,1,5.75,clear sky
48,Busselton,AU,2021-04-25 16:09:55,-33.65,115.3333,57.0,95,4,1.99,clear sky
49,Atuona,PF,2021-04-25 16:11:38,-9.8,-139.0333,79.83,74,64,19.26,broken clouds
50,Flinders,AU,2021-04-25 16:11:47,-34.5833,150.8552,53.01,83,62,1.01,broken clouds
51,Inirida,CO,2021-04-25 16:14:54,3.8653,-67.9239,83.34,83,100,3.4,overcast clouds
52,Mangai,CD,2021-04-25 16:14:54,-4.05,19.5333,80.65,69,29,3.13,scattered clouds
53,Bluff,NZ,2021-04-25 16:11:41,-46.6,168.3333,42.01,81,78,8.01,broken clouds
54,Khatanga,RU,2021-04-25 16:11:41,71.9667,102.5,9.23,81,100,21.16,overcast clouds
55,Ostrovnoy,RU,2021-04-25 16:12:18,68.0531,39.5131,34.83,97,100,17.49,overcast clouds
56,Vila Velha,BR,2021-04-25 16:14:55,-20.3297,-40.2925,84.99,70,20,13.8,few clouds
57,Xining,CN,2021-04-25 16:14:55,36.6167,101.7667,46.42,43,0,3.09,clear sky
58,Tiznit,MA,2021-04-25 16:14:56,29.5833,-9.5,67.03,43,14,17.27,few clouds
59,Qaanaaq,GL,2021-04-25 16:12:26,77.484,-69.3632,31.01,73,81,4.72,broken clouds
60,Cremlingen,DE,2021-04-25 16:14:56,52.25,10.65,52.0,28,0,8.05,clear sky
61,Portland,US,2021-04-25 16:07:25,45.5234,-122.6762,51.01,76,90,4.61,overcast clouds
62,Hithadhoo,MV,2021-04-25 16:11:53,-0.6,73.0833,83.41,66,47,4.52,scattered clouds
63,Yerbogachen,RU,2021-04-25 16:10:25,61.2767,108.0108,33.66,98,100,7.02,light snow
64,Astoria,US,2021-04-25 16:14:57,46.1879,-123.8313,48.0,93,90,4.61,light rain
65,Wuning,CN,2021-04-25 16:14:57,29.2589,120.2311,60.69,90,86,3.49,overcast clouds
66,Ornskoldsvik,SE,2021-04-25 16:14:57,63.2909,18.7153,41.0,38,90,11.5,overcast clouds
67,Ostersund,SE,2021-04-25 16:14:58,63.1792,14.6357,37.99,44,75,12.66,broken clouds
68,Bethel,US,2021-04-25 16:12:04,41.3712,-73.414,50.0,89,100,1.01,overcast clouds
69,Meulaboh,ID,2021-04-25 16:14:58,4.1363,96.1285,78.85,80,94,2.28,overcast clouds
70,Margate,GB,2021-04-25 16:13:32,51.3813,1.3862,48.99,62,10,4.0,clear sky
71,Ati,TD,2021-04-25 16:14:59,13.2154,18.3353,103.95,9,78,2.39,broken clouds
72,Palora,EC,2021-04-25 16:14:59,-1.7,-77.9333,78.8,65,20,2.3,light rain
73,Vaini,TO,2021-04-25 16:07:33,-21.2,-175.2,73.4,100,75,2.3,light rain
74,Dikson,RU,2021-04-25 16:08:56,73.5069,80.5464,16.63,91,100,10.22,overcast clouds
75,Aswan,EG,2021-04-25 16:13:02,24.0934,32.907,97.03,7,0,6.78,clear sky
76,Hobart,AU,2021-04-25 16:08:56,-42.8794,147.3294,57.0,67,75,10.36,broken clouds
77,Darhan,MN,2021-04-25 16:15:00,49.4867,105.9228,35.1,98,100,7.27,light snow
78,Devaprayag,IN,2021-04-25 16:15:00,30.15,78.6167,74.8,27,0,3.49,clear sky
79,Upernavik,GL,2021-04-25 16:12:16,72.7868,-56.1549,35.04,86,33,4.99,scattered clouds
80,Salinas,US,2021-04-25 16:13:49,36.6777,-121.6555,57.2,76,90,3.44,overcast clouds
81,West Wendover,US,2021-04-25 16:15:01,40.7391,-114.0733,55.4,44,1,11.5,clear sky
82,Ramygala,LT,2021-04-25 16:15:01,55.5167,24.3,42.8,42,40,13.8,scattered clouds
83,Caravelas,BR,2021-04-25 16:14:17,-17.7125,-39.2481,85.84,56,13,9.33,few clouds
84,Shimanovsk,RU,2021-04-25 16:15:03,52.0,127.7,42.42,41,92,5.61,overcast clouds
85,Port Arthur,CN,2021-04-25 16:15:04,38.8,121.2667,51.01,62,0,2.24,clear sky
86,Les Escoumins,CA,2021-04-25 16:15:04,48.1111,-69.0236,48.2,75,33,12.66,scattered clouds
87,Nikolskoye,RU,2021-04-25 16:12:07,59.7035,30.7861,39.2,87,75,13.42,broken clouds
88,San Patricio,US,2021-04-25 16:13:45,28.017,-97.5169,82.4,54,1,14.97,clear sky
89,Saskylakh,RU,2021-04-25 16:11:46,71.9167,114.0833,15.62,95,100,8.08,light snow
90,Maniitsoq,GL,2021-04-25 16:15:05,65.4167,-52.9,39.54,77,66,7.05,broken clouds
91,Ipixuna,BR,2021-04-25 16:15:05,-1.7625,-48.8043,87.8,62,75,10.36,broken clouds
92,Nome,US,2021-04-25 16:15:05,64.5011,-165.4064,33.8,80,75,3.74,broken clouds
93,Yaan,NG,2021-04-25 16:15:06,7.3833,8.5667,90.57,47,100,5.86,overcast clouds
94,Beyneu,KZ,2021-04-25 16:10:54,45.3167,55.2,74.3,19,71,13.8,broken clouds
95,Cairns,AU,2021-04-25 16:11:31,-16.9167,145.7667,75.2,94,75,11.5,broken clouds
96,Hilo,US,2021-04-25 16:11:41,19.7297,-155.09,68.0,77,40,4.61,scattered clouds
97,Filadelfia,US,2021-04-25 16:11:47,39.9523,-75.1638,57.99,62,75,10.36,broken clouds
98,Nishihara,JP,2021-04-25 16:15:07,26.1842,127.7558,68.0,88,20,3.44,few clouds
99,Douglas,US,2021-04-25 16:15:07,41.3,-96.167,55.99,50,1,13.8,clear sky
100,Kodiak,US,2021-04-25 16:12:46,57.79,-152.4072,39.2,81,90,12.66,overcast clouds
101,Udimskiy,RU,2021-04-25 16:15:07,61.1417,45.9144,39.16,97,100,6.89,overcast clouds
102,Chokurdakh,RU,2021-04-25 16:07:59,70.6333,147.9167,16.43,94,100,12.93,light snow
103,Port Shepstone,ZA,2021-04-25 16:15:08,-30.7414,30.455,71.33,79,0,6.2,clear sky
104,Roma,US,2021-04-25 16:15:08,43.2128,-75.4557,53.6,71,90,4.61,overcast clouds
105,Kalmunai,LK,2021-04-25 16:13:23,7.4167,81.8167,80.58,69,23,7.7,few clouds
106,Tezu,IN,2021-04-25 16:11:53,27.9167,96.1667,77.99,23,14,5.53,few clouds
107,Labuhan,ID,2021-04-25 16:08:27,-6.8844,112.2051,79.21,82,54,9.4,broken clouds
108,Kapaa,US,2021-04-25 16:11:54,22.0752,-159.319,73.4,78,40,13.8,light rain
109,Sao Felix Do Xingu,BR,2021-04-25 16:15:09,-6.6447,-51.995,88.52,58,50,3.09,scattered clouds
110,Coquimbo,CL,2021-04-25 16:12:32,-29.9533,-71.3436,62.6,72,20,11.5,few clouds
111,Yellowknife,CA,2021-04-25 16:12:04,62.456,-114.3525,8.01,56,75,2.3,broken clouds
112,Mayo,US,2021-04-25 16:13:58,38.8876,-76.5119,59.0,67,90,9.22,overcast clouds
113,Okha,RU,2021-04-25 16:15:10,53.5739,142.9478,20.66,88,7,4.18,clear sky
114,Vardo,NO,2021-04-25 16:12:51,70.3705,31.1107,33.8,69,40,17.27,scattered clouds
115,Atikokan,CA,2021-04-25 16:15:10,48.7555,-91.6216,42.73,18,0,5.93,clear sky
116,Ilhabela,BR,2021-04-25 16:15:10,-23.7781,-45.3581,77.9,64,84,5.95,broken clouds
117,Kasongo-Lunda,CD,2021-04-25 16:15:11,-6.4667,16.8167,80.67,74,56,0.58,broken clouds
118,Bredasdorp,ZA,2021-04-25 16:11:52,-34.5322,20.0403,62.6,77,100,4.61,overcast clouds
119,Mwense,ZM,2021-04-25 16:15:12,-10.3845,28.698,73.89,70,97,3.91,overcast clouds
120,Fuxin,CN,2021-04-25 16:13:26,42.0156,121.6589,55.15,20,100,1.95,overcast clouds
121,Marawi,PH,2021-04-25 16:13:51,7.9986,124.2928,79.0,87,77,1.01,broken clouds
122,Nanortalik,GL,2021-04-25 16:13:30,60.1432,-45.2371,43.07,72,100,17.13,overcast clouds
123,Preobrazheniye,RU,2021-04-25 16:12:12,42.9019,133.9064,35.96,59,0,2.8,clear sky
124,Xinzhi,CN,2021-04-25 16:15:12,36.4989,111.7047,57.02,70,100,5.03,overcast clouds
125,Chengde,CN,2021-04-25 16:15:13,40.9725,117.9361,53.38,41,100,3.94,overcast clouds
126,Port Alfred,ZA,2021-04-25 16:12:20,-33.5906,26.891,71.85,65,99,14.43,overcast clouds
127,Naziya,RU,2021-04-25 16:15:13,59.8,31.3833,37.99,72,100,7.7,overcast clouds
128,Jayuya,PR,2021-04-25 16:15:14,18.2186,-66.5916,87.01,61,71,8.01,broken clouds
129,Luis Correia,BR,2021-04-25 16:15:14,-2.8792,-41.6669,87.8,70,20,16.11,few clouds
130,Maningrida,AU,2021-04-25 16:15:14,-12.0667,134.2667,76.89,82,100,5.75,overcast clouds
131,Ninghai,CN,2021-04-25 16:15:15,29.2892,121.4247,62.6,88,0,4.47,clear sky
132,Tilichiki,RU,2021-04-25 16:15:15,60.4667,166.1,25.27,96,100,3.49,light snow
133,Port Lincoln,AU,2021-04-25 16:12:35,-34.7333,135.8667,59.83,73,58,8.57,broken clouds
134,Sao Borja,BR,2021-04-25 16:15:15,-28.6606,-56.0044,72.05,56,32,9.73,scattered clouds
135,Codrington,AU,2021-04-25 16:12:12,-38.2667,141.9667,52.11,88,34,5.82,scattered clouds
136,Vestmanna,FO,2021-04-25 16:15:16,62.1564,-7.1664,48.2,81,100,12.66,overcast clouds
137,Alofi,NU,2021-04-25 16:11:48,-19.0595,-169.9187,69.8,100,94,1.14,light rain
138,Cabo San Lucas,MX,2021-04-25 16:15:16,22.8909,-109.9124,79.0,33,20,3.44,few clouds
139,Vestmannaeyjar,IS,2021-04-25 16:13:53,63.4427,-20.2734,46.4,87,40,11.5,scattered clouds
140,Pevek,RU,2021-04-25 16:12:34,69.7008,170.3133,18.91,95,100,11.72,light snow
141,Boundiali,CI,2021-04-25 16:15:17,9.5217,-6.4869,100.51,22,38,4.05,scattered clouds
142,Novo Aripuana,BR,2021-04-25 16:15:17,-5.1206,-60.3797,89.69,63,61,2.48,broken clouds
143,Sitka,US,2021-04-25 16:13:51,57.0531,-135.33,48.2,57,1,4.61,clear sky
144,Yar-Sale,RU,2021-04-25 16:15:18,66.8333,70.8333,32.11,96,100,10.07,overcast clouds
145,Tuktoyaktuk,CA,2021-04-25 16:11:59,69.4541,-133.0374,10.4,85,90,9.22,light snow
146,Pointe Michel,DM,2021-04-25 16:15:18,15.25,-61.3833,86.0,54,40,8.05,scattered clouds
147,Dawlatabad,AF,2021-04-25 16:15:18,36.4141,64.9053,77.72,16,64,4.94,broken clouds
148,Bathsheba,BB,2021-04-25 16:12:47,13.2167,-59.5167,84.2,51,40,24.16,scattered clouds
149,Patos,BR,2021-04-25 16:15:19,-7.0244,-37.28,93.07,29,75,6.62,broken clouds
150,Severo-Kurilsk,RU,2021-04-25 16:11:55,50.6789,156.125,31.62,97,100,9.62,snow
151,Iqaluit,CA,2021-04-25 16:12:51,63.7506,-68.5145,33.8,86,75,3.44,broken clouds
152,Ribeira Grande,PT,2021-04-25 16:12:27,38.5167,-28.7,66.2,63,40,6.91,scattered clouds
153,Locri,IT,2021-04-25 16:14:15,38.2414,16.2623,68.0,37,75,12.66,broken clouds
154,Chauk,MM,2021-04-25 16:15:20,20.8833,94.8167,91.76,37,2,11.52,clear sky
155,Jamestown,US,2021-04-25 16:10:33,42.097,-79.2353,51.01,93,90,13.8,mist
156,Troitsko-Pechorsk,RU,2021-04-25 16:15:20,62.7084,56.1964,43.52,73,100,11.99,overcast clouds
157,Lamu,KE,2021-04-25 16:14:20,-2.2717,40.902,81.79,78,82,9.86,broken clouds
158,Naze,JP,2021-04-25 16:10:17,28.3667,129.4833,64.87,67,100,10.6,overcast clouds
159,Saqqez,IR,2021-04-25 16:15:21,36.2499,46.2735,65.66,27,36,7.47,scattered clouds
160,Kaitangata,NZ,2021-04-25 16:12:31,-46.2817,169.8464,39.0,73,42,1.99,scattered clouds
161,Havre-Saint-Pierre,CA,2021-04-25 16:12:15,50.2334,-63.5986,46.4,57,1,13.8,clear sky
162,Arlit,NE,2021-04-25 16:13:55,18.7369,7.3853,106.25,7,88,12.19,overcast clouds
163,Sangmelima,CM,2021-04-25 16:15:22,2.9333,11.9833,79.95,63,100,1.57,overcast clouds
164,Lebu,CL,2021-04-25 16:13:15,-37.6167,-73.65,60.13,72,0,12.62,clear sky
165,Aginskoye,RU,2021-04-25 16:15:22,51.1,114.53,48.7,20,100,7.9,overcast clouds
166,Tiksi,RU,2021-04-25 16:11:52,71.6872,128.8694,21.18,97,98,4.85,overcast clouds
167,Cape Town,ZA,2021-04-25 16:12:06,-33.9258,18.4232,69.01,82,0,16.11,clear sky
168,Iskateley,RU,2021-04-25 16:15:23,67.6803,53.1512,39.94,92,100,9.19,overcast clouds
169,Vila,PT,2021-04-25 16:15:23,42.0304,-8.1588,61.0,81,99,1.3,light rain
170,Constitucion,CL,2021-04-25 16:10:08,-35.3333,-72.4167,64.6,55,0,11.01,clear sky
171,Saldanha,ZA,2021-04-25 16:13:37,-33.0117,17.9442,64.4,82,100,9.22,overcast clouds
172,Tasiilaq,GL,2021-04-25 16:11:59,65.6145,-37.6368,41.0,75,75,23.02,broken clouds
173,Ilulissat,GL,2021-04-25 16:13:31,69.2167,-51.1,50.0,43,20,18.41,few clouds
174,Ballina,AU,2021-04-25 16:10:33,-28.8667,153.5667,57.0,94,40,7.25,scattered clouds
175,Oga,IT,2021-04-25 16:15:24,46.4631,10.347,66.99,34,20,4.61,few clouds
176,Isangel,VU,2021-04-25 16:15:25,-19.55,169.2667,77.41,79,100,9.55,light rain
177,Uvinza,TZ,2021-04-25 16:15:25,-5.1036,30.3911,69.48,91,91,2.01,moderate rain
178,Tyukalinsk,RU,2021-04-25 16:15:25,55.8732,72.1967,48.04,42,98,14.85,overcast clouds
179,Abu Zabad,SD,2021-04-25 16:15:25,12.35,29.25,96.84,19,100,4.9,overcast clouds
180,Saint-Joseph,RE,2021-04-25 16:15:26,-21.3667,55.6167,78.8,73,0,25.32,light rain
181,Casablanca,MA,2021-04-25 16:14:38,33.5928,-7.6192,69.8,64,40,18.41,scattered clouds
182,Calama,CL,2021-04-25 16:15:26,-22.4667,-68.9333,66.2,11,0,9.22,clear sky
183,Zhenlai,CN,2021-04-25 16:15:27,45.8495,123.2973,50.54,29,100,10.02,overcast clouds
184,Bahia Blanca,AR,2021-04-25 16:15:27,-38.7196,-62.2724,64.76,48,39,3.44,scattered clouds
185,Teya,RU,2021-04-25 16:12:07,60.3778,92.6267,34.72,97,100,5.23,overcast clouds
186,Brokopondo,SR,2021-04-25 16:14:03,4.75,-55.1667,82.17,73,100,5.39,overcast clouds
187,Paamiut,GL,2021-04-25 16:12:22,61.994,-49.6678,36.91,91,99,6.42,overcast clouds
188,Baymak,RU,2021-04-25 16:15:28,52.5933,58.3225,42.4,73,28,9.46,scattered clouds
189,Praia Da Vitoria,PT,2021-04-25 16:15:28,38.7333,-27.0667,64.99,72,75,18.03,broken clouds
190,Balikpapan,ID,2021-04-25 16:15:28,-1.2675,116.8289,77.22,84,99,1.59,overcast clouds
191,Carnarvon,AU,2021-04-25 16:11:55,-24.8667,113.6333,64.4,88,1,6.91,clear sky
192,Mahebourg,MU,2021-04-25 16:11:44,-20.4081,57.7,77.0,88,75,14.97,light rain
193,Luchegorsk,RU,2021-04-25 16:15:29,46.4764,134.2569,34.05,41,1,4.0,clear sky
194,Honningsvag,NO,2021-04-25 16:15:29,70.9821,25.9704,37.4,60,75,11.5,broken clouds
195,Kodinsk,RU,2021-04-25 16:15:30,58.6881,99.1844,33.62,98,100,6.13,snow
196,Tambovka,RU,2021-04-25 16:13:25,50.0969,128.0489,42.8,39,20,6.71,few clouds
197,Broken Hill,AU,2021-04-25 16:08:52,-31.95,141.4333,57.2,58,0,8.05,clear sky
198,Aklavik,CA,2021-04-25 16:15:30,68.2191,-135.0107,19.4,86,20,8.05,few clouds
199,Kahului,US,2021-04-25 16:10:53,20.8947,-156.47,71.6,94,20,16.11,few clouds
200,Lahaina,US,2021-04-25 16:15:31,20.8783,-156.6825,71.6,94,20,16.11,few clouds
201,San Vicente,AR,2021-04-25 16:15:31,-26.6167,-54.1333,68.65,70,81,3.85,broken clouds
202,Port-Gentil,GA,2021-04-25 16:13:03,-0.7193,8.7815,87.8,70,40,9.22,scattered clouds
203,Easton,US,2021-04-25 16:12:29,40.6884,-75.2207,57.2,67,90,10.36,overcast clouds
204,Dakar,SN,2021-04-25 16:12:14,14.6937,-17.4441,75.2,69,75,13.8,broken clouds
205,Beringovskiy,RU,2021-04-25 16:13:43,63.05,179.3167,29.59,88,99,3.22,overcast clouds
206,Port Blair,IN,2021-04-25 16:15:32,11.6667,92.75,83.23,71,94,3.98,overcast clouds
207,Kavieng,PG,2021-04-25 16:12:25,-2.5744,150.7967,81.75,77,93,4.52,light rain
208,Aykhal,RU,2021-04-25 16:09:47,66.0,111.5,11.07,95,100,27.25,overcast clouds
209,Siirt,TR,2021-04-25 16:15:33,37.9326,41.9403,78.8,27,75,4.61,broken clouds
210,Dir,PK,2021-04-25 16:15:33,35.2058,71.8756,61.99,51,6,5.7,clear sky
211,Pochutla,MX,2021-04-25 16:15:34,15.7432,-96.4661,87.01,66,75,8.05,broken clouds
212,Bundaberg,AU,2021-04-25 16:12:11,-24.85,152.35,63.0,88,0,6.91,clear sky
213,Rocha,UY,2021-04-25 16:12:26,-34.4833,-54.3333,66.99,64,25,15.37,scattered clouds
214,Rastolita,RO,2021-04-25 16:15:34,46.9726,24.9929,50.74,60,80,6.62,broken clouds
215,Tokur,RU,2021-04-25 16:15:34,53.1333,132.9,22.8,79,100,2.19,overcast clouds
216,Ulaanbaatar,MN,2021-04-25 16:15:35,47.9077,106.8832,32.0,86,75,8.95,broken clouds
217,Olinda,BR,2021-04-25 16:15:35,-8.0089,-34.8553,82.4,69,40,11.5,scattered clouds
218,Hasaki,JP,2021-04-25 16:10:17,35.7333,140.8333,51.8,58,75,13.8,broken clouds
219,Bohuslav,UA,2021-04-25 16:15:36,49.5494,30.8744,48.42,74,100,7.81,overcast clouds
220,Great Yarmouth,GB,2021-04-25 16:11:36,52.6083,1.7305,48.2,61,75,12.66,broken clouds
221,Nouadhibou,MR,2021-04-25 16:15:36,20.931,-17.0347,73.4,56,0,23.02,clear sky
222,Rock Springs,US,2021-04-25 16:14:32,41.5875,-109.2029,51.01,43,20,4.61,few clouds
223,Balkanabat,TM,2021-04-25 16:15:37,39.5108,54.3671,81.99,31,6,3.67,clear sky
224,Nuuk,GL,2021-04-25 16:15:37,64.1835,-51.7216,39.2,75,75,3.44,broken clouds
225,Puerto Narino,CO,2021-04-25 16:15:37,-3.7703,-70.3831,78.8,94,75,3.44,moderate rain
226,Nidzica,PL,2021-04-25 16:11:15,53.3605,20.4275,37.4,75,40,5.75,scattered clouds
227,Doha,QA,2021-04-25 16:15:38,25.2867,51.5333,86.0,70,18,8.05,few clouds
228,Dublin,US,2021-04-25 16:14:34,37.7021,-121.9358,55.4,66,20,6.91,few clouds
229,Baley,RU,2021-04-25 16:15:38,51.6,116.6333,42.57,25,100,4.14,overcast clouds
230,Cherskiy,RU,2021-04-25 16:12:30,68.75,161.3,-0.42,98,98,4.29,overcast clouds
231,Coihaique,CL,2021-04-25 16:09:43,-45.5752,-72.0662,55.4,58,40,4.61,scattered clouds
232,Gamba,GA,2021-04-25 16:08:56,-2.65,10.0,82.63,72,98,8.46,overcast clouds
233,Peniche,PT,2021-04-25 16:15:39,39.3558,-9.3811,69.01,88,72,1.99,broken clouds
234,Laramie,US,2021-04-25 16:15:39,41.3114,-105.5911,57.2,24,1,27.63,clear sky
235,Araouane,ML,2021-04-25 16:13:24,18.9048,-3.5265,105.06,8,68,1.9,broken clouds
236,Morondava,MG,2021-04-25 16:15:40,-20.2833,44.2833,80.33,72,8,9.57,clear sky
237,Otukpo,NG,2021-04-25 16:15:40,7.1913,8.1329,90.61,48,92,6.67,overcast clouds
238,Namibe,AO,2021-04-25 16:12:34,-15.1961,12.1522,87.8,58,20,16.11,few clouds
239,Bowen,AU,2021-04-25 16:15:40,-20.0167,148.2333,71.6,83,90,10.36,overcast clouds
240,Rapid Valley,US,2021-04-25 16:15:41,44.0625,-103.1463,55.99,57,1,19.57,clear sky
241,Taltal,CL,2021-04-25 16:15:41,-25.4,-70.4833,67.01,71,8,6.73,clear sky
242,Nyurba,RU,2021-04-25 16:13:07,63.2842,118.3319,32.67,97,100,4.94,overcast clouds
243,Bakel,SN,2021-04-25 16:15:41,14.905,-12.4568,107.67,8,26,10.56,scattered clouds
244,Sobolevo,RU,2021-04-25 16:15:42,54.4299,31.8996,39.27,60,91,10.16,overcast clouds
245,Kolosovka,RU,2021-04-25 16:15:42,56.4678,73.611,46.45,49,100,12.86,overcast clouds
246,Hirara,JP,2021-04-25 16:15:42,24.8,125.2833,71.44,68,3,16.75,clear sky
247,Basco,PH,2021-04-25 16:15:43,20.4487,121.9702,75.94,75,100,17.05,overcast clouds
248,Manhattan,US,2021-04-25 16:12:34,40.7834,-73.9662,53.6,82,90,6.91,overcast clouds
249,Jalu,LY,2021-04-25 16:15:43,29.0331,21.5482,77.9,35,0,20.11,clear sky
250,Jijiga,ET,2021-04-25 16:15:43,9.35,42.8,65.39,83,99,6.78,moderate rain
251,Harper,LR,2021-04-25 16:12:41,4.375,-7.7169,83.53,71,100,8.52,overcast clouds
252,Ponta Do Sol,PT,2021-04-25 16:12:20,32.6667,-17.1,69.8,60,40,5.75,scattered clouds
253,Road Town,VG,2021-04-25 16:11:10,18.4167,-64.6167,82.4,65,40,10.36,scattered clouds
254,Mar Del Plata,AR,2021-04-25 16:13:35,-38.0023,-57.5575,64.4,63,75,16.11,broken clouds
255,Ancud,CL,2021-04-25 16:13:31,-41.8697,-73.8203,57.99,100,90,2.3,light intensity drizzle
256,Provideniya,RU,2021-04-25 16:12:47,64.3833,-173.3,32.77,96,97,3.36,overcast clouds
257,Mata,PT,2021-04-25 16:15:45,40.683,-7.4592,61.0,77,65,1.99,broken clouds
258,Ulladulla,AU,2021-04-25 16:15:45,-35.35,150.4667,51.8,100,40,5.75,scattered clouds
259,Salumbar,IN,2021-04-25 16:15:45,24.1333,74.05,90.55,7,40,2.33,scattered clouds
260,Takoradi,GH,2021-04-25 16:14:02,4.8845,-1.7554,85.21,69,86,11.41,overcast clouds
261,Hami,CN,2021-04-25 16:09:35,42.8,93.45,44.82,18,99,6.08,overcast clouds
262,Avarua,CK,2021-04-25 16:11:51,-21.2078,-159.775,78.8,78,40,10.36,moderate rain
263,Vila Franca Do Campo,PT,2021-04-25 16:14:08,37.7167,-25.4333,64.4,68,40,18.41,scattered clouds
264,Agadir,MA,2021-04-25 16:10:51,30.4202,-9.5982,73.4,49,40,17.27,scattered clouds
265,Henties Bay,NA,2021-04-25 16:13:27,-22.116,14.2845,64.99,85,1,7.0,clear sky
266,Egvekinot,RU,2021-04-25 16:14:25,66.3167,-179.1667,20.46,90,91,4.36,overcast clouds
267,Beidao,CN,2021-04-25 16:12:48,34.5686,105.8933,47.05,92,83,1.79,broken clouds
268,Loncoche,CL,2021-04-25 16:15:46,-39.3667,-72.6333,50.0,100,90,2.3,fog
269,Fare,PF,2021-04-25 16:13:30,-16.7,-151.0167,80.67,65,21,3.89,few clouds
270,Scottsbluff,US,2021-04-25 16:15:47,41.8666,-103.6672,66.99,44,1,4.61,clear sky
271,Grindavik,IS,2021-04-25 16:14:06,63.8424,-22.4338,48.2,76,20,14.97,few clouds
272,Esperance,AU,2021-04-25 16:15:48,-33.8667,121.9,62.6,63,2,12.66,clear sky
273,Solnechnyy,RU,2021-04-25 16:15:48,50.7214,136.6319,26.47,62,59,3.94,broken clouds
274,Muisne,EC,2021-04-25 16:15:48,0.6,-80.0333,86.0,84,75,8.05,broken clouds
275,Ahipara,NZ,2021-04-25 16:15:48,-35.1667,173.1667,57.79,81,82,6.93,broken clouds
276,Olafsvik,IS,2021-04-25 16:12:15,64.8945,-23.7142,43.5,88,87,8.61,overcast clouds
277,Matara,LK,2021-04-25 16:15:49,5.9485,80.5353,78.73,87,49,3.91,scattered clouds
278,Tera,NE,2021-04-25 16:15:49,14.0078,0.7531,105.82,10,88,2.37,overcast clouds
279,Srednekolymsk,RU,2021-04-25 16:14:29,67.45,153.6833,-4.25,100,23,4.88,few clouds
280,Mirador,BR,2021-04-25 16:15:50,-6.3708,-44.3631,88.02,60,31,4.21,scattered clouds
281,Kerrville,US,2021-04-25 16:15:50,30.0474,-99.1403,75.2,50,1,9.22,clear sky
282,Lazaro Cardenas,MX,2021-04-25 16:14:18,17.9583,-102.2,84.45,47,100,4.0,overcast clouds
283,Illapel,CL,2021-04-25 16:15:50,-31.6308,-71.1653,75.87,35,0,5.44,clear sky
284,Geneva,US,2021-04-25 16:15:51,41.8875,-88.3054,48.99,46,1,10.36,clear sky
285,Albstadt,DE,2021-04-25 16:15:51,48.2164,9.026,60.01,45,7,8.7,clear sky
286,Saint George,US,2021-04-25 16:12:37,37.1041,-113.5841,73.99,18,1,6.91,clear sky
287,Yauya,PE,2021-04-25 16:15:51,-8.9833,-77.3,60.67,51,23,4.88,few clouds
288,Carbonia,IT,2021-04-25 16:15:52,39.1672,8.5222,68.0,52,0,11.5,clear sky
289,Borken,DE,2021-04-25 16:15:52,51.85,6.8667,55.0,34,67,5.01,broken clouds
290,Souillac,MU,2021-04-25 16:13:11,-20.5167,57.5167,77.0,88,75,14.97,broken clouds
291,Hatta,IN,2021-04-25 16:15:53,24.1167,79.6,87.48,6,97,6.33,overcast clouds
292,Sete,FR,2021-04-25 16:15:53,43.4018,3.6966,62.6,51,0,3.44,clear sky
293,Byron Bay,AU,2021-04-25 16:15:54,-28.65,153.6167,57.0,94,40,8.37,scattered clouds
294,Arrecife,ES,2021-04-25 16:15:54,28.963,-13.5477,77.0,44,20,19.57,few clouds
295,Trairi,BR,2021-04-25 16:15:54,-3.2778,-39.2689,84.69,67,81,10.25,broken clouds
296,Batemans Bay,AU,2021-04-25 16:15:55,-35.7167,150.1833,53.01,84,19,3.0,few clouds
297,Najran,SA,2021-04-25 16:11:50,17.4924,44.1277,91.4,18,75,4.61,light rain
298,Cayenne,GF,2021-04-25 16:10:35,4.9333,-52.3333,86.0,74,75,11.5,broken clouds
299,Chaplygin,RU,2021-04-25 16:15:55,53.2432,39.9629,42.01,52,51,13.22,broken clouds
300,Ischia,IT,2021-04-25 16:15:56,40.7342,13.9471,64.99,66,46,8.99,scattered clouds
301,Muroto,JP,2021-04-25 16:15:56,33.2833,134.15,54.52,65,2,22.39,clear sky
302,Edd,ER,2021-04-25 16:15:56,13.9297,41.6925,91.11,53,59,17.09,broken clouds
303,Sibu,MY,2021-04-25 16:14:59,2.3,111.8167,77.0,94,40,0.85,scattered clouds
304,Port Elizabeth,ZA,2021-04-25 16:12:07,-33.918,25.5701,68.0,68,0,4.61,clear sky
305,Baker City,US,2021-04-25 16:15:57,44.7749,-117.8344,37.99,100,90,1.32,overcast clouds
306,Honiara,SB,2021-04-25 16:14:05,-9.4333,159.95,78.3,85,94,1.36,overcast clouds
307,Seoul,KR,2021-04-25 16:12:30,37.5683,126.9778,59.0,71,0,3.44,clear sky
308,Cidreira,BR,2021-04-25 16:12:26,-30.1811,-50.2056,71.82,70,82,15.79,broken clouds
309,Inuvik,CA,2021-04-25 16:15:58,68.3499,-133.7218,15.8,92,100,6.91,overcast clouds
310,Mamallapuram,IN,2021-04-25 16:15:58,12.6264,80.1722,84.2,74,20,9.22,few clouds
311,Caronport,CA,2021-04-25 16:15:58,50.4501,-105.8179,44.6,31,100,5.75,overcast clouds
312,Porto Velho,BR,2021-04-25 16:14:55,-8.7619,-63.9039,87.8,74,40,3.44,light rain
313,Cap-Haitien,HT,2021-04-25 16:15:59,19.7578,-72.2042,79.72,70,6,12.28,clear sky
314,Saint-Augustin,CA,2021-04-25 16:12:58,51.226,-58.6502,44.55,50,55,13.4,broken clouds
315,Pangnirtung,CA,2021-04-25 16:12:27,66.1451,-65.7125,37.89,88,99,1.23,overcast clouds
316,Antofagasta,CL,2021-04-25 16:15:59,-23.65,-70.4,69.01,48,0,11.5,clear sky
317,Lorengau,PG,2021-04-25 16:12:20,-2.0226,147.2712,80.29,77,100,4.07,overcast clouds
318,Lesnoy,RU,2021-04-25 16:16:00,57.6198,63.0784,50.11,47,87,7.49,overcast clouds
319,Fort Nelson,CA,2021-04-25 16:16:00,58.8053,-122.7002,33.8,51,40,2.3,scattered clouds
320,Itaituba,BR,2021-04-25 16:16:01,-4.2761,-55.9836,89.6,62,40,11.5,scattered clouds
321,Karratha,AU,2021-04-25 16:12:09,-20.7377,116.8463,78.44,61,0,3.53,clear sky
322,Imbituba,BR,2021-04-25 16:16:01,-28.24,-48.6703,77.0,69,40,9.22,scattered clouds
323,Bilibino,RU,2021-04-25 16:12:56,68.0546,166.4372,17.02,96,100,1.43,light snow
324,Kavaratti,IN,2021-04-25 16:11:55,10.5669,72.642,84.61,71,7,10.58,clear sky
325,Taree,AU,2021-04-25 16:16:02,-31.9,152.4667,53.6,100,12,5.75,few clouds
326,Tuatapere,NZ,2021-04-25 16:12:45,-46.1333,167.6833,42.01,81,55,8.01,broken clouds
327,Pierre,US,2021-04-25 16:12:18,44.3683,-100.351,55.0,53,1,21.85,clear sky
328,Guerrero Negro,MX,2021-04-25 16:16:02,27.9769,-114.0611,62.51,68,70,11.79,broken clouds
329,Bambous Virieux,MU,2021-04-25 16:12:28,-20.3428,57.7575,79.0,88,75,14.97,light rain
330,Payo,ID,2021-04-25 16:16:03,-3.7508,103.6372,74.03,92,99,2.68,overcast clouds
331,Muros,ES,2021-04-25 16:12:13,42.7762,-9.0603,64.99,72,100,1.99,overcast clouds
332,Haines Junction,CA,2021-04-25 16:13:55,60.7522,-137.5108,30.2,74,5,2.3,clear sky
333,Shubarkuduk,KZ,2021-04-25 16:16:03,49.1447,56.4872,49.57,85,100,2.1,overcast clouds
334,Phan Thiet,VN,2021-04-25 16:16:04,10.9333,108.1,80.58,84,7,4.29,clear sky
335,El Carrizo,MX,2021-04-25 16:16:04,24.0261,-106.8814,80.01,58,85,1.99,overcast clouds
336,Slonim,BY,2021-04-25 16:16:04,53.0867,25.3219,41.2,60,88,10.09,overcast clouds
337,Limoux,FR,2021-04-25 16:16:05,42.9167,2.1667,64.4,59,0,18.41,clear sky
338,Torbay,CA,2021-04-25 16:13:26,47.6666,-52.7314,53.01,40,20,25.32,few clouds
339,Galesong,ID,2021-04-25 16:16:05,-5.3166,119.3661,77.0,100,20,3.44,few clouds
340,Umm Lajj,SA,2021-04-25 16:16:05,25.0213,37.2685,82.15,54,0,2.84,clear sky
341,Venado Tuerto,AR,2021-04-25 16:16:06,-33.7456,-61.9688,70.0,23,0,7.07,clear sky
342,Sorland,NO,2021-04-25 16:14:19,67.667,12.6934,39.2,70,40,13.8,scattered clouds
343,Zhangjiakou,CN,2021-04-25 16:14:07,40.81,114.8794,55.63,59,74,8.61,broken clouds
344,Klyuchi,RU,2021-04-25 16:16:06,52.2667,79.1667,46.74,40,100,8.86,overcast clouds
345,Bonito,BR,2021-04-25 16:16:07,-21.1211,-56.4819,70.16,92,100,3.04,overcast clouds
346,Rawson,AR,2021-04-25 16:13:49,-43.3002,-65.1023,64.65,44,50,21.07,scattered clouds
347,Boulder,US,2021-04-25 16:11:33,40.0833,-105.3505,62.6,36,1,4.61,clear sky
348,Perelyub,RU,2021-04-25 16:16:07,51.8667,50.3667,45.19,53,47,9.26,scattered clouds
349,Kota Tinggi,MY,2021-04-25 16:16:08,1.7381,103.8999,82.4,83,75,2.3,broken clouds
350,Dossor,KZ,2021-04-25 16:16:08,47.5272,52.9811,58.1,59,100,15.46,overcast clouds
351,Taoudenni,ML,2021-04-25 16:13:08,22.6783,-3.9836,106.05,7,1,13.98,clear sky
352,Los Llanos De Aridane,ES,2021-04-25 16:12:21,28.6585,-17.9182,69.8,60,75,1.14,broken clouds
353,Maumere,ID,2021-04-25 16:16:08,-8.6199,122.2111,79.83,73,99,7.63,overcast clouds
354,Mantua,IT,2021-04-25 16:16:09,45.1667,10.7833,75.0,33,0,3.44,clear sky
355,Zeya,RU,2021-04-25 16:16:09,53.75,127.2667,37.31,76,100,3.29,overcast clouds
356,San Carlos De Bariloche,AR,2021-04-25 16:16:09,-41.1456,-71.3082,64.0,47,0,2.89,clear sky
357,Gravdal,NO,2021-04-25 16:16:10,68.1214,13.5031,39.2,65,75,9.22,broken clouds
358,Urucui,BR,2021-04-25 16:16:10,-7.2294,-44.5561,88.05,59,95,3.49,light rain
359,Bengkulu,ID,2021-04-25 16:12:23,-3.8004,102.2655,77.95,86,100,5.5,overcast clouds
360,Lasa,IT,2021-04-25 16:13:52,46.6166,10.7002,71.6,33,20,5.75,few clouds
361,Sao Joao Da Barra,BR,2021-04-25 16:10:30,-21.6403,-41.0511,86.0,54,40,2.3,scattered clouds
362,Pamanukan,ID,2021-04-25 16:16:11,-6.2842,107.8106,78.69,80,92,4.56,overcast clouds
363,Nanticoke,US,2021-04-25 16:16:11,41.2054,-76.0049,54.0,82,100,1.01,overcast clouds
364,Svetlyy,RU,2021-04-25 16:16:12,54.675,20.1347,41.0,65,40,15.66,scattered clouds
365,Tazovskiy,RU,2021-04-25 16:16:12,67.4667,78.7,7.54,97,41,6.8,scattered clouds
366,Salinopolis,BR,2021-04-25 16:13:50,-0.6136,-47.3561,82.74,76,98,6.76,overcast clouds
367,Hisua,IN,2021-04-25 16:16:12,24.8333,85.4167,89.6,23,15,6.91,haze
368,Luang Prabang,LA,2021-04-25 16:16:13,19.8856,102.1347,75.74,85,99,1.86,overcast clouds
369,Beloha,MG,2021-04-25 16:08:41,-25.1667,45.05,75.7,73,61,9.6,broken clouds
370,Itoman,JP,2021-04-25 16:16:13,26.1247,127.6694,68.0,77,0,6.91,clear sky
371,Caramay,PH,2021-04-25 16:16:14,10.1815,119.236,77.29,86,47,4.79,scattered clouds
372,Jojoima,SL,2021-04-25 16:16:14,7.8792,-10.7878,91.4,48,99,5.55,overcast clouds
373,Korla,CN,2021-04-25 16:16:14,41.7597,86.1469,54.41,23,4,9.26,clear sky
374,Oranjemund,NA,2021-04-25 16:16:15,-28.55,16.4333,63.91,81,100,7.65,overcast clouds
375,Tigzirt,DZ,2021-04-25 16:16:15,36.8886,4.1198,74.07,56,47,7.92,scattered clouds
376,Grafton,US,2021-04-25 16:16:15,42.207,-71.6856,51.01,87,90,5.75,light rain
377,Te Anau,NZ,2021-04-25 16:13:14,-45.4167,167.7167,41.02,95,77,5.75,broken clouds
378,Clyde River,CA,2021-04-25 16:11:49,70.4692,-68.5914,19.4,100,20,17.27,snow
379,College,US,2021-04-25 16:13:58,64.8569,-147.8028,39.99,69,1,1.45,clear sky
380,Sola,VU,2021-04-25 16:12:09,-13.8833,167.55,77.0,100,20,4.85,few clouds
381,Soe,ID,2021-04-25 16:16:16,-9.8607,124.284,61.88,86,44,3.47,scattered clouds
382,Skjervoy,NO,2021-04-25 16:15:36,70.0311,20.9714,37.4,52,40,6.91,light rain
383,Tabuk,PH,2021-04-25 16:15:14,17.4189,121.4443,71.1,86,21,5.01,few clouds
384,Dubbo,AU,2021-04-25 16:16:17,-32.25,148.6167,41.0,87,0,8.05,clear sky
385,Kampene,CD,2021-04-25 16:16:17,-3.6,26.6667,71.22,93,94,1.7,overcast clouds
386,Ocampo,MX,2021-04-25 16:16:18,21.65,-101.5,70.09,43,66,6.69,broken clouds
387,Verkhoshizhemye,RU,2021-04-25 16:16:18,58.011,49.1038,37.85,79,51,11.92,broken clouds
388,Tibati,CM,2021-04-25 16:16:18,6.4667,12.6333,77.22,61,99,4.54,overcast clouds
389,Vanimo,PG,2021-04-25 16:12:46,-2.6741,141.3028,74.73,86,100,4.7,overcast clouds
390,Marsa Matruh,EG,2021-04-25 16:16:19,31.3525,27.2453,68.0,77,40,25.32,scattered clouds
391,Narsaq,GL,2021-04-25 16:14:21,60.9167,-46.05,51.8,30,75,24.16,broken clouds
392,Cockburn Town,TC,2021-04-25 16:12:34,21.4612,-71.1419,78.64,74,47,16.46,scattered clouds
393,Hofn,IS,2021-04-25 16:16:19,64.2539,-15.2082,42.8,87,90,6.91,light rain
394,Bocana De Paiwas,NI,2021-04-25 16:16:20,12.7857,-85.1227,86.52,48,17,8.9,few clouds
395,Qujing,CN,2021-04-25 16:16:20,25.4833,103.7833,61.14,92,10,4.47,clear sky
396,Barahona,DO,2021-04-25 16:16:21,18.2085,-71.1008,82.4,78,40,13.8,scattered clouds
397,Mitu,CO,2021-04-25 16:16:21,1.1983,-70.1733,90.59,51,100,2.84,overcast clouds
398,Mareeba,AU,2021-04-25 16:16:21,-17.0,145.4333,75.2,94,75,11.5,broken clouds
399,Fairbanks,US,2021-04-25 16:14:12,64.8378,-147.7164,39.99,64,1,3.44,clear sky
400,Kushima,JP,2021-04-25 16:16:22,31.4583,131.2333,58.08,73,46,8.75,scattered clouds
401,Acarau,BR,2021-04-25 16:16:22,-2.8856,-40.12,85.37,67,93,12.03,overcast clouds
402,Thaton,MM,2021-04-25 16:16:22,16.9206,97.3714,83.55,75,88,5.53,overcast clouds
403,Nkhotakota,MW,2021-04-25 16:16:23,-12.9274,34.2961,73.45,79,59,2.35,broken clouds
404,Tigil,RU,2021-04-25 16:12:03,57.8,158.6667,27.59,91,100,5.35,overcast clouds
405,Bauchi,NG,2021-04-25 16:16:23,10.5,10.0,91.09,29,96,9.93,light rain
406,Tadine,NC,2021-04-25 16:16:23,-21.55,167.8833,73.04,81,100,6.24,overcast clouds
407,Hudiksvall,SE,2021-04-25 16:16:24,61.729,17.1036,42.01,44,95,4.0,overcast clouds
408,Bayburt,TR,2021-04-25 16:16:24,40.2589,40.2278,61.86,48,100,20.22,overcast clouds
409,Ondarroa,ES,2021-04-25 16:16:24,43.3167,-2.4167,71.01,47,97,4.0,overcast clouds
410,High Prairie,CA,2021-04-25 16:16:25,55.4334,-116.4858,37.4,38,31,8.05,scattered clouds
411,Gavle,SE,2021-04-25 16:16:25,60.6745,17.1417,37.99,68,99,4.0,overcast clouds
412,Kamenka,RU,2021-04-25 16:14:07,51.3223,42.7678,43.99,55,50,8.1,scattered clouds
413,Mattawa,US,2021-04-25 16:14:01,46.7379,-119.9028,46.0,55,44,10.0,scattered clouds
414,Surt,LY,2021-04-25 16:16:26,31.2089,16.5887,64.81,76,5,11.39,clear sky
415,Leshukonskoye,RU,2021-04-25 16:16:26,64.8989,45.7622,42.58,81,100,6.31,overcast clouds
416,Kutum,SD,2021-04-25 16:16:26,14.2,24.6667,90.7,9,60,11.23,broken clouds
417,Boende,CD,2021-04-25 16:16:26,-0.2167,20.8667,79.74,72,75,3.62,broken clouds
418,Anantapur,IN,2021-04-25 16:16:27,14.6833,77.6,95.36,25,81,14.14,broken clouds
419,Loiza,PR,2021-04-25 16:13:15,18.4313,-65.8802,87.8,48,40,21.85,scattered clouds
420,Baruun-Urt,MN,2021-04-25 16:14:11,46.6806,113.2792,49.33,68,100,13.67,overcast clouds
421,Kruisfontein,ZA,2021-04-25 16:11:43,-34.0033,24.7314,72.79,44,100,3.87,overcast clouds
422,Yulara,AU,2021-04-25 16:08:58,-25.2406,130.9889,60.8,41,0,10.36,clear sky
423,Tukrah,LY,2021-04-25 16:09:16,32.5341,20.5791,62.91,78,1,12.37,clear sky
424,Sao Filipe,CV,2021-04-25 16:12:26,14.8961,-24.4956,72.43,73,90,14.16,overcast clouds
425,Santa Cruz,BO,2021-04-25 16:12:00,-17.8,-63.1667,75.2,73,75,16.11,broken clouds
426,Asau,RO,2021-04-25 16:12:48,46.4333,26.4,57.0,34,93,9.57,overcast clouds
427,Vao,NC,2021-04-25 16:13:33,-22.6667,167.4833,73.42,75,99,3.67,overcast clouds
428,Sosua,DO,2021-04-25 16:16:28,19.7667,-70.5167,87.8,66,20,9.22,few clouds
429,Raudeberg,NO,2021-04-25 16:12:40,61.9875,5.1352,44.01,61,10,13.91,clear sky
430,Nelson,NZ,2021-04-25 16:16:29,-41.2833,173.2833,48.99,85,26,1.01,scattered clouds
431,Derzhavinsk,KZ,2021-04-25 16:12:17,51.1,66.3167,54.88,61,95,10.16,overcast clouds
432,Hovd,MN,2021-04-25 16:13:19,48.0056,91.6419,31.14,28,76,1.03,broken clouds
433,Veraval,IN,2021-04-25 16:16:29,20.9,70.3667,82.04,81,2,8.95,clear sky
434,Carlyle,US,2021-04-25 16:15:12,38.6103,-89.3726,57.0,62,47,3.0,scattered clouds
435,Betafo,MG,2021-04-25 16:16:30,-19.8333,46.85,60.85,93,100,4.36,light rain
436,Broome,US,2021-04-25 16:10:33,42.2506,-75.833,52.0,81,90,6.91,overcast clouds
437,Santa Luzia,BR,2021-04-25 16:16:30,-19.7697,-43.8514,86.0,42,20,5.75,few clouds
438,Rudabanya,HU,2021-04-25 16:16:30,48.3833,20.6333,45.0,76,75,6.91,broken clouds
439,Midland,US,2021-04-25 16:11:33,31.9974,-102.0779,75.0,40,1,20.71,clear sky
440,Jalalabad,AF,2021-04-25 16:16:31,34.4265,70.4515,80.37,22,10,1.68,clear sky
441,Balkhash,KZ,2021-04-25 16:16:31,46.844,74.9804,48.81,40,79,12.62,broken clouds
442,Yabelo,ET,2021-04-25 16:16:32,4.8833,38.0833,61.12,87,96,3.8,moderate rain
443,Altukhovo,RU,2021-04-25 16:16:32,52.67,34.36,37.4,70,75,6.71,broken clouds
444,Yeniseysk,RU,2021-04-25 16:13:58,58.4497,92.1703,36.57,95,100,7.65,overcast clouds
445,Padang,ID,2021-04-25 16:14:22,-0.9492,100.3543,78.84,84,98,2.57,overcast clouds
446,Alugan,PH,2021-04-25 16:16:32,12.2188,125.4808,78.66,77,94,8.72,overcast clouds
447,Sao Miguel Do Araguaia,BR,2021-04-25 16:16:33,-13.275,-50.1628,89.42,48,70,3.0,broken clouds
448,Marsala,IT,2021-04-25 16:12:08,37.7966,12.4352,66.2,72,20,6.91,few clouds
449,Katsuura,JP,2021-04-25 16:09:13,35.1333,140.3,57.2,54,75,17.27,broken clouds
450,Waipawa,NZ,2021-04-25 16:13:00,-41.4122,175.5153,55.4,82,90,17.27,drizzle
451,Seymchan,RU,2021-04-25 16:13:32,62.8833,152.4333,-1.68,97,100,0.13,overcast clouds
452,Hervey Bay,AU,2021-04-25 16:13:31,-25.2986,152.8535,62.01,86,0,3.0,clear sky
453,Begoro,GH,2021-04-25 16:16:34,6.3871,-0.3774,84.27,62,100,2.08,overcast clouds
454,Buala,SB,2021-04-25 16:16:34,-8.145,159.5921,79.9,81,55,0.81,broken clouds
455,Dingle,PH,2021-04-25 16:13:10,10.9995,122.6711,77.02,85,10,1.95,light rain
456,Ambovombe,MG,2021-04-25 16:16:35,-25.1667,46.0833,75.06,77,7,12.75,clear sky
457,Pasni,PK,2021-04-25 16:16:35,25.2631,63.471,81.41,51,50,18.45,scattered clouds
458,Hatillo,PR,2021-04-25 16:16:22,18.4863,-66.8254,87.01,61,1,17.27,clear sky
459,Mahon,ES,2021-04-25 16:16:35,39.8885,4.2658,62.6,72,0,18.41,clear sky
460,Vacaria,BR,2021-04-25 16:16:36,-28.5122,-50.9339,58.64,93,100,5.75,overcast clouds
461,Ola,RU,2021-04-25 16:16:36,59.5833,151.2833,14.79,72,72,9.55,broken clouds
462,Komsomolskiy,UZ,2021-04-25 16:12:35,40.4272,71.7189,69.8,28,49,2.3,scattered clouds
463,Calbuco,CL,2021-04-25 16:16:36,-41.768,-73.1273,53.6,94,75,5.75,broken clouds
464,Jadu,LY,2021-04-25 16:13:22,31.953,12.0261,77.85,12,26,4.92,scattered clouds
465,Beeville,US,2021-04-25 16:13:19,28.4008,-97.7483,80.6,54,1,13.8,clear sky
466,Fraserburgh,GB,2021-04-25 16:16:37,57.6874,-2.0184,51.01,56,25,13.82,scattered clouds
467,Wukari,NG,2021-04-25 16:16:37,7.85,9.7833,99.93,30,73,2.48,broken clouds
468,Sao Jose Da Coroa Grande,BR,2021-04-25 16:16:38,-8.8978,-35.1478,82.8,70,36,9.73,scattered clouds
469,Villaviciosa,ES,2021-04-25 16:16:38,43.4813,-5.4357,66.0,84,100,7.0,overcast clouds
470,Dehui,CN,2021-04-25 16:16:38,44.5333,125.7,41.0,45,0,2.24,clear sky
471,Bitkine,TD,2021-04-25 16:16:39,11.9801,18.2138,102.85,12,25,9.89,scattered clouds
472,Laguna,US,2021-04-25 16:13:06,38.421,-121.4238,55.99,71,75,5.75,broken clouds
473,Manavalakurichi,IN,2021-04-25 16:14:28,8.1333,77.3,86.0,74,20,3.44,few clouds
474,Bonavista,CA,2021-04-25 16:16:39,48.6499,-53.1147,51.8,40,1,11.5,clear sky
475,Quang Ngai,VN,2021-04-25 16:16:13,15.1167,108.8,77.59,94,36,3.33,scattered clouds
476,Novobirilyussy,RU,2021-04-25 16:16:40,56.9514,90.6661,34.81,95,100,6.22,overcast clouds
477,Hualmay,PE,2021-04-25 16:12:56,-11.0964,-77.6139,71.11,74,59,7.2,broken clouds
478,Tomatlan,MX,2021-04-25 16:12:16,19.9333,-105.25,86.31,38,61,4.36,broken clouds
479,Corinth,GR,2021-04-25 16:16:05,37.9407,22.9573,64.0,47,10,5.01,clear sky
480,Vikulovo,RU,2021-04-25 16:16:40,56.8167,70.6107,47.62,46,100,11.63,overcast clouds
481,Poltavka,RU,2021-04-25 16:16:41,54.3663,71.7632,50.65,37,100,8.08,overcast clouds
482,Gold Coast,AU,2021-04-25 16:14:27,-28.0,153.4333,61.0,94,0,3.44,clear sky
483,Adeje,ES,2021-04-25 16:16:41,28.1227,-16.726,72.0,53,75,10.36,broken clouds
484,Shagonar,RU,2021-04-25 16:16:41,51.5333,92.8,34.81,54,63,2.95,broken clouds
485,Salalah,OM,2021-04-25 16:16:42,17.0151,54.0924,84.2,74,40,8.05,scattered clouds
486,Huejuquilla El Alto,MX,2021-04-25 16:16:42,22.6,-103.8667,73.81,14,75,1.95,broken clouds
487,Ajdabiya,LY,2021-04-25 16:16:42,30.7554,20.2263,73.08,43,0,25.26,clear sky
488,Mezen,RU,2021-04-25 16:16:43,65.8522,44.24,44.01,85,100,6.08,overcast clouds
489,Ciudad Guayana,VE,2021-04-25 16:16:43,8.3533,-62.6528,95.58,32,81,7.94,broken clouds
490,Tura,IN,2021-04-25 16:12:55,25.5198,90.2201,79.2,25,29,3.44,scattered clouds
491,Cocal,BR,2021-04-25 16:16:44,-28.6167,-49.35,71.01,74,99,3.65,overcast clouds
492,Airai,TL,2021-04-25 16:10:26,-8.9266,125.4092,55.67,84,26,1.79,scattered clouds
493,Dekar,BW,2021-04-25 16:16:44,-21.5333,21.9333,74.19,23,0,3.85,clear sky
494,Gore,NZ,2021-04-25 16:16:44,-46.1028,168.9436,42.01,81,36,8.01,scattered clouds
495,Orocue,CO,2021-04-25 16:16:45,4.7912,-71.3354,93.97,40,98,9.82,overcast clouds
496,Santa Maria Del Oro,MX,2021-04-25 16:16:45,25.9333,-105.3667,72.43,10,78,5.46,broken clouds
497,Meru,KE,2021-04-25 16:16:45,0.0463,37.6559,63.59,85,83,3.96,broken clouds
498,Shimoda,JP,2021-04-25 16:16:46,34.6667,138.95,50.0,61,54,3.0,broken clouds
499,Shenjiamen,CN,2021-04-25 16:12:31,29.9576,122.298,60.01,86,64,4.16,broken clouds
500,Monte Alegre,BR,2021-04-25 16:16:46,-2.0078,-54.0692,84.61,68,100,3.56,overcast clouds
501,Blagoyevo,RU,2021-04-25 16:16:47,63.3667,47.9167,40.24,96,100,6.04,overcast clouds
502,Mweka,CD,2021-04-25 16:16:47,-4.85,21.5667,76.41,81,87,1.74,light rain
503,Gusau,NG,2021-04-25 16:16:47,12.1628,6.6614,98.73,22,96,1.28,overcast clouds
504,Tartus,SY,2021-04-25 16:16:47,34.889,35.8866,71.6,56,75,4.61,broken clouds
505,Knysna,ZA,2021-04-25 16:16:48,-34.0363,23.0471,55.4,100,90,8.05,fog
506,Mankono,CI,2021-04-25 16:16:48,8.0586,-6.1897,92.19,41,89,5.06,overcast clouds
507,Paracuru,BR,2021-04-25 16:16:48,-3.41,-39.0306,82.99,69,83,15.99,broken clouds
508,Pervomayskiy,RU,2021-04-25 16:16:49,53.2485,40.2871,42.01,52,41,13.98,scattered clouds
509,Bafq,IR,2021-04-25 16:13:16,31.6128,55.4107,79.61,27,62,13.82,broken clouds
510,Urumqi,CN,2021-04-25 16:16:49,43.801,87.6005,46.4,23,0,2.24,clear sky
511,Visby,SE,2021-04-25 16:16:50,57.6409,18.296,39.99,60,40,13.8,scattered clouds
512,Jutai,BR,2021-04-25 16:16:50,-5.1833,-68.9,77.92,91,79,3.51,broken clouds
513,Hayden,US,2021-04-25 16:12:53,47.766,-116.7866,45.0,81,90,6.91,overcast clouds
514,Kidal,ML,2021-04-25 16:16:51,18.4411,1.4078,105.03,3,8,7.81,clear sky
515,Aripuana,BR,2021-04-25 16:16:51,-9.1667,-60.6333,88.45,58,16,3.02,few clouds
516,Graham,US,2021-04-25 16:16:51,47.0529,-122.2943,50.0,81,40,3.44,light intensity drizzle
517,Sindor,RU,2021-04-25 16:16:52,62.8629,51.8905,41.47,91,100,9.17,overcast clouds
518,Hamilton,US,2021-04-25 16:08:26,39.1834,-84.5333,55.0,87,90,5.75,mist
519,Mandalgovi,MN,2021-04-25 16:16:52,45.7625,106.2708,34.99,85,72,19.13,light snow
520,Dwarka,IN,2021-04-25 16:16:52,22.2394,68.9678,83.17,74,0,15.01,clear sky
521,Oksfjord,NO,2021-04-25 16:16:53,70.2396,22.3479,35.6,51,0,6.91,light snow
522,Hwange,ZW,2021-04-25 16:16:53,-18.3693,26.5019,73.99,49,44,3.29,scattered clouds
523,Nerchinskiy Zavod,RU,2021-04-25 16:16:53,51.3088,119.61,46.76,27,100,3.36,overcast clouds
524,Barrhead,GB,2021-04-25 16:16:54,55.7992,-4.3929,61.0,41,12,3.44,few clouds
525,Ballybofey,IE,2021-04-25 16:16:54,54.8,-7.7833,59.0,63,0,12.66,clear sky
526,Geraldton,AU,2021-04-25 16:11:42,-28.7667,114.6,62.6,82,0,3.44,clear sky
527,Okhotsk,RU,2021-04-25 16:09:04,59.3833,143.3,16.93,78,3,7.25,clear sky
528,La Ronge,CA,2021-04-25 16:08:17,55.1001,-105.2842,33.8,55,100,8.05,overcast clouds
529,Sioux Falls,US,2021-04-25 16:15:59,43.55,-96.7003,39.2,81,90,25.32,overcast clouds
530,Poum,NC,2021-04-25 16:13:15,-20.2333,164.0167,77.31,79,100,16.46,overcast clouds
531,Ixtapa,MX,2021-04-25 16:16:55,20.7,-105.2,80.6,65,1,3.33,clear sky
532,Tessalit,ML,2021-04-25 16:16:55,20.1986,1.0114,103.23,4,0,5.7,clear sky
533,Kamaishi,JP,2021-04-25 16:16:56,39.2667,141.8833,40.75,65,3,10.13,clear sky
534,Sangolqui,EC,2021-04-25 16:16:56,-0.3341,-78.4522,69.8,52,75,5.75,light rain
535,Rengasdengklok,ID,2021-04-25 16:16:56,-6.1592,107.2981,84.0,78,20,3.44,few clouds
536,Thinadhoo,MV,2021-04-25 16:16:57,0.5333,72.9333,83.01,64,51,4.43,broken clouds
537,Chapais,CA,2021-04-25 16:13:05,49.7834,-74.8492,50.0,46,40,6.91,scattered clouds
538,Port Hedland,AU,2021-04-25 16:12:54,-20.3167,118.5667,68.0,88,0,6.91,clear sky
539,Ossora,RU,2021-04-25 16:16:57,59.2353,163.0719,30.51,95,100,4.56,overcast clouds
540,Coalinga,US,2021-04-25 16:13:16,36.1397,-120.3602,55.99,58,100,1.74,overcast clouds
541,Novikovo,RU,2021-04-25 16:16:58,51.1537,37.8879,46.72,53,62,11.68,broken clouds
542,Yumen,CN,2021-04-25 16:12:17,40.2833,97.2,43.16,15,84,21.23,broken clouds
543,Joshimath,IN,2021-04-25 16:16:58,30.5667,79.5667,50.81,55,0,9.53,clear sky
544,Talcahuano,CL,2021-04-25 16:12:17,-36.7167,-73.1167,62.6,59,0,4.61,clear sky
545,Darnah,LY,2021-04-25 16:16:59,32.767,22.6367,61.29,80,18,23.13,few clouds
546,Bogomila,MK,2021-04-25 16:16:59,41.5931,21.4717,69.8,24,0,3.44,clear sky
547,Erzin,TR,2021-04-25 16:16:59,36.9559,36.2,71.01,78,100,10.0,overcast clouds
548,Soyo,AO,2021-04-25 16:11:53,-6.1349,12.3689,86.0,74,20,6.91,few clouds
549,Torrevieja,ES,2021-04-25 16:17:00,37.9787,-0.6822,64.99,77,100,14.0,overcast clouds
550,Tsimlyansk,RU,2021-04-25 16:17:00,47.6461,42.1019,47.93,49,100,5.84,overcast clouds
551,Banda Aceh,ID,2021-04-25 16:12:58,5.5577,95.3222,81.18,78,88,8.1,overcast clouds
552,Bilma,NE,2021-04-25 16:17:01,18.6853,12.9164,105.44,6,5,8.97,clear sky
553,Cuamba,MZ,2021-04-25 16:17:01,-14.8031,36.5372,71.44,82,81,2.64,broken clouds
554,Bodden Town,KY,2021-04-25 16:17:01,19.2833,-81.25,86.0,62,20,9.22,few clouds
555,Djambala,CG,2021-04-25 16:17:02,-2.5447,14.7533,77.45,76,100,1.07,moderate rain
556,Floro,NO,2021-04-25 16:17:02,61.5996,5.0328,44.6,53,40,16.11,scattered clouds
557,Sistranda,NO,2021-04-25 16:17:02,63.7256,8.834,41.0,70,40,18.41,scattered clouds
558,Aquiraz,BR,2021-04-25 16:17:03,-3.9014,-38.3911,86.0,66,40,13.8,scattered clouds
559,Port Hardy,CA,2021-04-25 16:13:28,50.6996,-127.4199,46.4,93,90,2.3,light rain
560,Zhezkazgan,KZ,2021-04-25 16:17:03,47.8043,67.7144,55.4,53,12,11.56,few clouds
561,Tocopilla,CL,2021-04-25 16:16:08,-22.092,-70.1979,70.14,63,8,5.57,clear sky
562,Ibiapina,BR,2021-04-25 16:17:04,-3.9233,-40.8894,79.65,56,77,7.85,broken clouds
563,Bien Hoa,VN,2021-04-25 16:17:04,10.95,106.8167,82.4,83,40,4.61,scattered clouds
564,Asfi,MA,2021-04-25 16:17:04,32.2994,-9.2372,64.99,73,8,22.84,clear sky
565,Samarai,PG,2021-04-25 16:14:02,-10.6167,150.6667,82.94,76,90,13.02,overcast clouds
566,Mimongo,GA,2021-04-25 16:17:05,-1.6195,11.6068,76.57,92,97,1.07,moderate rain
567,Constantine,DZ,2021-04-25 16:17:05,36.365,6.6147,80.6,28,0,9.22,clear sky
568,Pio Ix,BR,2021-04-25 16:17:06,-6.8375,-40.5792,82.27,61,88,5.3,overcast clouds
569,Auburn,US,2021-04-25 16:15:18,47.3073,-122.2284,50.0,87,90,8.05,overcast clouds
570,Dunedin,NZ,2021-04-25 16:14:09,-45.8742,170.5036,50.0,36,73,10.0,broken clouds
571,Talara,PE,2021-04-25 16:17:06,-4.5772,-81.2719,77.0,69,0,18.41,clear sky
572,Svetlogorsk,BY,2021-04-25 16:17:07,52.6333,29.7333,42.13,53,83,7.67,broken clouds
573,Santa Rosa,PH,2021-04-25 16:17:07,14.3122,121.1114,82.4,74,20,5.75,few clouds
574,Comodoro Rivadavia,AR,2021-04-25 16:13:35,-45.8667,-67.5,64.4,52,0,11.5,clear sky
575,Kargasok,RU,2021-04-25 16:17:07,59.0556,80.8572,34.86,98,100,6.02,overcast clouds
576,Hamadan,IR,2021-04-25 16:17:08,34.7992,48.5146,67.62,27,66,6.49,broken clouds
577,Krasnoselkup,RU,2021-04-25 16:17:08,65.7,82.4667,17.44,89,30,6.87,scattered clouds
578,Zambezi,ZM,2021-04-25 16:17:08,-13.5432,23.1047,74.28,55,64,5.1,broken clouds
579,Coolum Beach,AU,2021-04-25 16:17:09,-26.5333,153.1,64.0,85,9,5.35,clear sky
580,Gambela,ET,2021-04-25 16:17:09,8.25,34.5833,80.78,64,97,3.51,light rain
581,Praia,CV,2021-04-25 16:12:03,14.9215,-23.5087,78.8,53,40,21.85,scattered clouds
582,San Rafael,AR,2021-04-25 16:17:10,-34.6177,-68.3301,64.83,49,0,8.16,clear sky
583,Paita,PE,2021-04-25 16:17:10,-5.0892,-81.1144,77.0,69,0,18.41,clear sky
584,Puerto Colombia,CO,2021-04-25 16:16:50,10.9878,-74.9547,89.6,62,20,6.91,few clouds
585,Kushmurun,KZ,2021-04-25 16:17:10,52.4503,64.6311,55.53,65,77,8.59,broken clouds
586,Tarko-Sale,RU,2021-04-25 16:17:11,64.9225,77.785,30.0,86,100,8.75,overcast clouds
587,Reconquista,AR,2021-04-25 16:16:09,-29.15,-59.65,69.24,55,2,9.69,clear sky
588,La Reforma,MX,2021-04-25 16:17:11,25.0833,-108.05,82.0,51,97,3.0,overcast clouds
589,San Quintin,MX,2021-04-25 16:14:19,30.4833,-115.95,60.6,75,74,8.55,broken clouds
590,Moravsky Beroun,CZ,2021-04-25 16:17:12,49.7937,17.4421,44.01,35,99,15.99,overcast clouds
591,Carman,CA,2021-04-25 16:15:00,49.4992,-98.0016,44.6,31,85,12.66,overcast clouds
592,Yinchuan,CN,2021-04-25 16:17:12,38.4681,106.2731,55.38,39,30,6.91,scattered clouds
